{
  "Linear Regression": {
    "MAE": 0.05546147279993015,
    "RMSE": 0.06894780426877159,
    "R2": 0.9963463305955017
  },
  "Random Forest": {
    "MAE": 0.05759389240506329,
    "RMSE": 0.07168813175038641,
    "R2": 0.9960501291712498
  },
  "XGBoost": {
    "MAE": 0.05675149225792553,
    "RMSE": 0.07144248583948345,
    "R2": 0.9960771519778269
  }
}