{
  "Linear Regression": {
    "MAE": 0.013037546334271694,
    "RMSE": 0.020250707075276955,
    "R2": 0.9992322920874082
  },
  "Random Forest": {
    "MAE": 0.012831288624951717,
    "RMSE": 0.020844808642575652,
    "R2": 0.9991865863451308
  },
  "XGBoost": {
    "MAE": 0.01268337838880433,
    "RMSE": 0.0225673250404206,
    "R2": 0.9990465985639088
  }
}