{
  "Linear Regression": {
    "MAE": 0.018471370607533486,
    "RMSE": 0.024938013359389544,
    "R2": 0.9978448529282014
  },
  "Random Forest": {
    "MAE": 0.0760088333333335,
    "RMSE": 0.10314909375847411,
    "R2": 0.9631290744473235
  },
  "XGBoost": {
    "MAE": 0.11350035267670948,
    "RMSE": 0.2131259941843807,
    "R2": 0.8425922719260301
  }
}